"0","ADSL <- "
"0","  ADSL %>% "
"0","  mutate(RANDFL = ifelse(is.na(RANDDT), 'N', 'Y'),"
"0","         DOREAS = ifelse((STATUS == ""Not included"" & is.na(DOREAS) & INCLRES == ""Нет""), ""Несоответствие критериям включения"","
"0","                         ifelse((STATUS == ""Not included"" & is.na(DOREAS) & EXCLRES == ""Нет""), ""Неоответствие критериям невключения"","
"0","                                DOREAS)),"
"0","         DOREASPP = ifelse(COMPLFL == 'N', 'Выбыл из исследования', DOREASPP),"
"0","         SAFFL = ifelse(SAFEFF == 'Да' | RANDFL == 'N', 'N', 'Y'),"
"0","         PPROTFL = ifelse(PPEFF == 'Да' | COMPLFL == 'N' | RANDFL == 'N', 'N', 'Y'),"
"0","         TRTSEQP = ARM,"
"0","         TRTSEQP = ifelse(is.na(TRTSEQP), """", TRTSEQP),"
"0","         TRTSEQPN = case_when(TRTSEQP == 'TR' ~ 1,"
"0","                              TRTSEQP == 'RT' ~ 2),"
"0","         TRT01P = case_when(TRTSEQP == 'TR'~ ""drug1"","
"0","                            TRTSEQP == 'RT'~ ""drug2""),"
"0","         TRT02P = case_when(TRTSEQP == 'RT'~ ""drug1"","
"0","                            TRTSEQP == 'TR'~""drug2""),"
"0","         TRT01PN = c(1, 2)[match(TRT01P, c(""drug1"", ""drug2""))],"
"0","         TRT02PN = c(1, 2)[match(TRT02P, c(""drug1"", ""drug2""))])"
