"0","supp_ds2 <- supp_ds %>%"
"0","  filter(DSSEQ == 2) %>%"
"0","  mutate(DOREAS = DSREAS) %>%"
"0","  select(SUBJID, DOREAS, RANDID = DSNUM)"
"0",""
"0","supp_ds3 <- supp_ds %>%"
"0","  filter(DSSEQ == 3) %>%"
"0","  mutate(ECREAS = DSREAS) %>%"
"0","  select(SUBJID, ECREAS, DSSTATUS)"
"0","supp_ds <- left_join(supp_ds2, supp_ds3, by = c(""SUBJID""))"
"0",""
"0","supp_ds <- "
"0","  supp_ds %>% "
"0","  mutate(COMPLFL = ifelse((grepl('Субъект досрочно выбыл из исследования', DSSTATUS) | is.na(DSSTATUS)), 'N', 'Y')) %>% "
"0","  select(-DSSTATUS)"
