"0","demography <- read.xlsx(paste0(""./sdtm-like files/"", files[grepl(""DM"", files)][1]), na.strings = NA)"
"0","demography <- demography %>%"
"0","  select(SUBJID, SITEID,"
"0","         AGE, SEX, RACE, ARM) %>%"
"0","   mutate(AGE = as.numeric(AGE), "
"0","          AGEU = ""лет"","
"0","          TRTP = if_else(ARM == ""RT"", ""drug1"", if_else(ARM == ""TR"", ""drug2"", """")),"
"0","          TRTPN = case_when(TRTP == ""drug1"" ~ 1,"
"0","                            TRTP == ""drug2"" ~ 2))"
