"0","exposure <- read.xlsx(paste0(""./sdtm-like files/"", files[grepl(""EX_EXPOSURE"", files)][1]), na.strings = NA)"
"0","exposure_trt <- "
"0","  exposure %>% "
"0","  mutate(VISITN = case_when(VISIT == ""Период 1"" ~ ""P2"","
"0","                            VISIT == ""Период 2"" ~ ""P3"")) %>% "
"0","  select(SUBJID, VISITN, EXTRT) %>% "
"0","  spread(VISITN, EXTRT) %>% "
"0","  select(SUBJID, TRT01P = P2, TRT02P = P3) "
"0",""
"0",""
"0","exposure_dates <- "
"0","  exposure %>% "
"0","  mutate(VISITN = case_when(VISIT == ""Период 1"" ~ ""P2"","
"0","                            VISIT == ""Период 2"" ~ ""P3""),"
"0","         EXSTDTC = gsub('......$', '', EXSTDTC),"
"0","         EXSTDTC = format(as.Date(EXSTDTC, format = ""%Y-%m-%d""), ""%d.%m.%Y"")) %>%"
"0","  select(SUBJID, VISITN, EXSTDTC) %>% "
"0","  spread(VISITN, EXSTDTC) %>% "
"0","  select(SUBJID, TRT01SDT = P2,TRT02SDT = P3) %>% "
"0","  mutate(TRT01EDT = TRT01SDT,"
"0","         TRT02EDT = TRT02SDT)"
"0",""
"0",""
"0","exposure <- left_join(exposure_trt, exposure_dates, 'SUBJID') %>% "
"0","  mutate(TRT01EDT = as.Date(TRT01SDT,""%d.%m.%Y"")+ hours(48),"
"0","         TRT02EDT = as.Date(TRT02SDT,""%d.%m.%Y"")+ hours(48))%>%"
"0","  mutate(TRT01EDT=format(as.Date(TRT01EDT, format = ""%Y-%m-%d""), ""%d.%m.%Y""),"
"0","         TRT02EDT=format(as.Date(TRT02EDT, format = ""%Y-%m-%d""), ""%d.%m.%Y""))"
