"0","substance_use <- read.xlsx(paste0(""./sdtm-like files/"", files[grepl(""SU"", files)][2]), na.strings = NA)"
"0","substance_use <- substance_use %>%"
"0","  select(SUBJID, SUCAT, SUDOSTXT) %>%"
"0","  spread(SUCAT, SUDOSTXT) %>%"
"0","  rename(SMOKDC = 'Табак',"
"0","         ALCDC = 'Алкоголь') %>%"
"0","  mutate(SMOKDC = case_when(SMOKDC == 'Non-user' ~ 'Нет',"
"0","                                SMOKDC == 'Current user' ~ 'Да',"
"0","                                SMOKDC == 'Ex-user' ~ 'Курил ранее',"
"0","                                is.na(SMOKDC) ~ 'Не известно'),"
"0","         ALCCDC = case_when(ALCDC == 'Non-user' ~ 'Нет',"
"0","                           ALCDC == 'Current user' ~ 'Да',"
"0","                           ALCDC == 'Ex-user' ~ 'Употреблял ранее',"
"0","                           is.na(ALCDC) ~ 'Не известно'))"
