"0","files <- list.files(path = ""./sdtm-like files/"", pattern = NULL, all.files = FALSE, full.names = FALSE)"
"0",""
"0","supp_ds <- read.xlsx(paste0(""./sdtm-like files/"", files[grepl(""SUPPDS_DISPOSITION"", files)]) , na.strings = NA)"
"0",""
"0","inc_excl <- read.xlsx(paste0(""./sdtm-like files/"",files[grepl(""IE_"", files)][1]), na.strings = NA)"
"0",""
"0","vital_signs <- read.xlsx(paste0(""./sdtm-like files/"", files[grepl(""VS_"", files)][1]), na.strings = NA)"
"0",""
"0","subj_vis <- read.xlsx(paste0(""./sdtm-like files/"", files[grepl(""SV_"", files)][1]), na.strings = NA)"
"0",""
"0","stat_data <- read.xlsx(paste0(""./sdtm-like files/"", files[grepl(""Patient"", files)][1]), na.strings = NA)"
