{"chunk_definitions":[{"row":114,"row_count":1,"visible":true,"expansion_state":0,"options":{"engine":"r","label":"unnamed-chunk-1"},"document_id":"C51E09EF","chunk_id":"cvsnyvv2xucmz","chunk_label":"unnamed-chunk-1"},{"row":128,"row_count":1,"visible":true,"expansion_state":0,"options":{"engine":"r","label":"unnamed-chunk-2"},"document_id":"C51E09EF","chunk_id":"cjuvfg1qd13zt","chunk_label":"unnamed-chunk-2"},{"row":140,"row_count":1,"visible":true,"expansion_state":0,"options":{"engine":"r","label":"unnamed-chunk-3"},"document_id":"145542A0","chunk_id":"c6on0pbmiok6u","chunk_label":"unnamed-chunk-3"},{"row":152,"row_count":1,"visible":true,"expansion_state":0,"options":{"engine":"r","label":"unnamed-chunk-4"},"document_id":"145542A0","chunk_id":"cpkdmy5pkk2fz","chunk_label":"unnamed-chunk-4"},{"row":169,"row_count":1,"visible":true,"expansion_state":0,"options":{"engine":"r","label":"unnamed-chunk-5"},"document_id":"145542A0","chunk_id":"ct35cmblkn449","chunk_label":"unnamed-chunk-5"},{"row":187,"row_count":1,"visible":true,"expansion_state":0,"options":{"engine":"r","label":"unnamed-chunk-6"},"document_id":"145542A0","chunk_id":"cu255apjyxn5x","chunk_label":"unnamed-chunk-6"},{"row":203,"row_count":1,"visible":true,"expansion_state":0,"options":{"engine":"r","label":"unnamed-chunk-7"},"document_id":"145542A0","chunk_id":"cgkft2k4qkyx7","chunk_label":"unnamed-chunk-7"},{"row":220,"row_count":1,"visible":true,"expansion_state":0,"options":{"engine":"r","label":"unnamed-chunk-8"},"document_id":"145542A0","chunk_id":"cogf49g4wm8eh","chunk_label":"unnamed-chunk-8"},{"row":232,"row_count":1,"visible":true,"expansion_state":0,"options":{"engine":"r","label":"unnamed-chunk-9"},"document_id":"145542A0","chunk_id":"c2ka3lo45rqv0","chunk_label":"unnamed-chunk-9"},{"row":248,"row_count":1,"visible":true,"expansion_state":0,"options":{"engine":"r","label":"unnamed-chunk-10"},"document_id":"145542A0","chunk_id":"c2tv677u6bbxb","chunk_label":"unnamed-chunk-10"},{"row":264,"row_count":1,"visible":true,"expansion_state":0,"options":{"engine":"r","label":"unnamed-chunk-11"},"document_id":"145542A0","chunk_id":"c4g6gbyuuv502","chunk_label":"unnamed-chunk-11"},{"row":297,"row_count":1,"visible":true,"expansion_state":0,"options":{"engine":"r","label":"unnamed-chunk-12"},"document_id":"145542A0","chunk_id":"cajg7sqqpofmp","chunk_label":"unnamed-chunk-12"},{"row":310,"row_count":1,"visible":true,"expansion_state":0,"options":{"engine":"r","label":"unnamed-chunk-13"},"document_id":"145542A0","chunk_id":"cdcxuj8v1gabr","chunk_label":"unnamed-chunk-13"},{"row":334,"row_count":1,"visible":true,"expansion_state":0,"options":{"engine":"r","label":"unnamed-chunk-14"},"document_id":"145542A0","chunk_id":"c22ta2zk1ctua","chunk_label":"unnamed-chunk-14"},{"row":379,"row_count":1,"visible":true,"expansion_state":0,"options":{"engine":"r","label":"unnamed-chunk-16"},"document_id":"145542A0","chunk_id":"cg6xll6uq4sv1","chunk_label":"unnamed-chunk-15"}],"doc_write_time":1697907998}