"0","ADSL$SAFFL <- ifelse(is.na(ADSL$SAFFL), 'Y', ADSL$SAFFL)"
"0","ADSL$PPROTFL <- ifelse(is.na(ADSL$PPROTFL), 'Y', ADSL$PPROTFL)"
"0",""
"0","ADSL <- ADSL %>%"
"0","  mutate(TRT01EDT = if_else(as.Date(TRT01EDT, '%d.%m.%Y') <= as.Date(EOSDT, '%d.%m.%Y'), TRT01EDT, EOSDT),"
"0","         TRT02EDT = if_else(as.Date(TRT02EDT, '%d.%m.%Y') <= as.Date(EOSDT, '%d.%m.%Y'), TRT02EDT, EOSDT),"
"0","         "
"0","         AP01EDT = ifelse(!is.na(TRT01EDT), TRT01EDT, """"),"
"0","         AP02EDT = ifelse(!is.na(TRT02EDT), TRT02EDT, """"))"
"0",""
"0","ADSL <- ADSL %>% "
"0","  mutate(USUBJID = paste(STUDYID, SUBJID, sep = '-')) %>% "
"0","  mutate(AGE = as.numeric(AGE),"
"0","         SITEID = as.character(SITEID),"
"0","         TRTSEQPN = as.numeric(TRTSEQPN),"
"0","         TRT01PN = as.numeric(TRT01PN),"
"0","         TRT02PN = as.numeric(TRT02PN),"
"0","         TR01DURD = round(as.numeric(difftime(format(as.Date(TRT01EDT, format = ""%d.%m.%Y""), ""%Y-%m-%d""), format(as.Date(TRT01SDT, format = ""%d.%m.%Y""), ""%Y-%m-%d""),units=""days""))),"
"0","         TR02DURD = round(as.numeric(difftime(format(as.Date(TRT02EDT, format = ""%d.%m.%Y""), ""%Y-%m-%d""), format(as.Date(TRT02SDT, format = ""%d.%m.%Y""), ""%Y-%m-%d""),units=""days""))),"
"0","         TR01DURD = as.character(TR01DURD),"
"0","         TR02DURD = as.character(TR02DURD),"
"0","         TR01DURD = case_when(TR01DURD == 0 ~ ""<1"","
"0","                              TR01DURD > 0 ~ as.character(TR01DURD), "
"0","                              is.na(TR01DURD) ~ """"),"
"0","         TR02DURD = case_when(TR02DURD == 0 ~ ""<1"","
"0","                              TR02DURD > 0 ~ as.character(TR02DURD), "
"0","                              is.na(TR02DURD) ~ """"),"
"0","         WEIGHTBL = as.numeric(WEIGHTBL),"
"0","         HEIGHTBL = as.numeric(HEIGHTBL),"
"0","         BMIBL = as.numeric(BMIBL),"
"0","         RANDID = as.numeric(RANDID)) %>% "
"0","  select(STUDYID, SUBJID, USUBJID,SITEID,RANDID, "
"0","         TRTSEQP, TRTSEQPN, TRT01P, TRT01PN,TRT02P, TRT02PN,"
"0","         TRT01SDT, TRT01EDT, TRT02SDT, TRT02EDT, AP01SDT, AP01EDT, AP02SDT, AP02EDT, "
"0","         RFICDT, RANDDT, TR01DURD, TR02DURD, EOP01STT, EOP02STT, EOSDT,"
"0","         AGE, AGEU, SEX, RACE, WEIGHTBL, HEIGHTBL, BMIBL, SMOKDC, ALCCDC,"
"0","         DOREAS, ECREAS, DOREASPP, DOREASSAF,  "
"0","         RANDFL, PPROTFL, SAFFL, COMPLFL) %>% "
"0","  arrange(as.numeric(SUBJID))"
"0",""
"0","write.xlsx(ADSL, ""~/ADSL.xlsx"")"
