"0","subj_vis <- "
"0","  subj_vis %>% "
"0","  mutate(SVSTDTC = format(as.Date(SVSTDTC, format = ""%Y-%m-%d""), ""%d.%m.%Y"")) %>% "
"0","  spread(VISIT, SVSTDTC) %>% "
"0","  select(SUBJID,"
"0","         AP01SDT = 'Период 1 (Госпитализация)',"
"0","         AP01EDT = 'Период 1 (День приема ИП)',"
"0","         AP02SDT = 'Период 2 (Госпитализация)',"
"0","         AP02EDT = 'Период 2 (День приема ИП)') %>% "
"0","  mutate(AP01EDT= as.Date(AP01EDT, ""%d.%m.%Y"")+hours(48),"
"0","         AP02EDT= as.Date(AP02EDT, ""%d.%m.%Y"")+hours(48)) %>%"
"0","  mutate(AP01EDT=format(as.Date(AP01EDT, format = ""%Y-%m-%d""), ""%d.%m.%Y""),"
"0","         AP02EDT=format(as.Date(AP02EDT, format = ""%Y-%m-%d""), ""%d.%m.%Y""))"
